Pwf_psi,q_stb_per_day
0.000000,2666.666667
1000.000000,2400.000000
2000.000000,1866.666667
3000.000000,1000.000000
4000.000000,0.000000
